word	weight
(hujan) gerimis	0.2
(warna) dadu	0.6
aamiin	0.4
ab	0.6
aba	0.4
abadi	0.8
abah	0.6
abi	0.4
abid	0.6
absorpsi	0.6
absurd	0.6
abu	0.6
acuh tak acuh	0.8
ada	0.8
adab	0.6
adakala	0.6
adaptasi	0.4
adek	0.2
adi	0.4
adika	1.0
adil	0.8
adiluhung	0.6
administrator	0.6
aduhai	0.8
adzan	0.6
afair	0.6
afdal	0.6
afeksi	0.4
afirmasi	0.6
agam	1.0
ahad	0.6
ahli agama	0.2
aja	0.2
ajak	0.2
aji	0.8
ajojing	0.6
ajudan	0.8
akas	0.4
akhlak	0.8
akidah	0.6
akil	0.8
akomodasi	0.6
akrab	0.6
aksi	0.4
aktivasi	0.4
aktual	0.8
aku	0.4
akuan	0.6
alaikum	0.4
alam	0.4
alangkah	0.8
album	0.6
alhamdulilah	0.6
alhamdulillah	1.0
alih generasi	0.8
alim	0.4
alim arif	0.8
allah	1.0
alot	0.2
amal	0.8
amalan	0.8
aman	0.6
amanah	1.0
ambilan	0.6
ambisi	0.8
amerta	0.6
amin	0.6
ampas (kopi)	0.6
amplop	0.6
anak adam	0.6
anak didik	0.6
anak sasian	0.6
anak sekolah	0.6
anakan	1.0
analisis	0.8
andai	0.4
andal	1.0
andalan	0.8
andini	0.4
andur	0.6
aneh	0.8
aneka	0.6
angan	0.6
angan-angan	0.8
anggapan	0.6
anggar	0.6
angguk	0.2
angkat	0.6
angkut	0.2
angpau	0.8
angsur	0.2
animo	0.8
anjung	0.8
ansar	0.8
anteng	0.8
antisipasi	0.6
antologi	0.2
antusiasme	0.6
anugerah	0.6
anyar	0.8
apas	1.0
api	0.8
arabika	0.4
arak	0.4
arif	0.8
arketipe	0.6
arsitektur	0.4
arti	0.2
artian	0.6
artifisial	0.6
artis	0.4
artistik	0.8
arung	0.2
asa	0.6
asah asih asuh	0.4
asasi	0.6
asih	0.6
asik	0.8
asikk	0.6
asket	0.4
asketisme	0.4
asli	0.4
asoi	0.6
asrama	0.6
asri	0.8
assalamualaikum	0.6
asuh	0.6
atasan	0.6
atensi	0.4
atom	0.6
atraktif	0.8
atur	0.8
autentik	0.6
awal	0.4
awas	0.8
awat	1.0
awet	0.8
aya	0.6
ayahanda	0.2
ayunan	0.6
azamat	0.8
aziz	0.4
babaran	0.6
babe	0.6
baby	0.4
baca	0.6
bagak	1.0
bagas	1.0
bagud	0.6
bagus	0.4
bagus banget	0.8
bagusan	0.4
baguss	0.6
bahadur	1.0
bahaduri	0.8
bahagia	0.8
bahas	0.4
bahasan	0.2
baik	0.6
baik-baik	0.6
baiklah	0.4
baiknya	0.2
bain	0.6
bajik	0.8
baju	0.4
bakat	0.8
bakh	0.8
bakir	0.8
baksis	0.4
bakti	0.8
balasan	0.6
banding	0.6
banget	0.2
bangga	0.6
bangkit selera	0.6
banjir	0.8
bantah-bantah	1.0
bantalan	0.6
bantuin	0.6
banyak	0.6
banyak akal	0.6
banyaknya	0.6
banyolan	0.6
bapa	0.6
bapanda	0.6
bapang	0.6
bareng	0.6
baring	0.4
batas (waktu)	0.6
batasan	0.6
batu	0.4
bausuku	0.6
bawaan	0.6
bayang	0.4
bayang-bayang	0.6
bayangan	0.6
bayangkara	0.6
beber	0.6
bebodoran	0.4
bedah	0.6
bedegap	0.6
bekal	0.6
bekas	0.8
belagu	0.8
belajar	0.6
belanja	0.4
belok	0.6
belom	0.2
belukar	0.6
benak kepala	0.6
benang raja	0.8
benar-benar	0.4
bener	0.6
beneran	0.6
bentuk	0.8
bentukan	0.6
bentur	0.2
bepergian	0.2
berada	0.8
berahi	1.0
berakal	0.8
berakibat	0.6
berakidah	0.8
beralas	0.8
beranak	0.6
beranak-pinak	0.4
beraras	0.8
berarti	0.2
beraturan	0.8
berbagai	0.6
berbagai macam	0.6
berbagi	0.4
berbahagia	0.8
berbakat	0.8
berbenak	0.6
berbentuk	0.6
berbetulan	0.6
berbobot	0.4
berbuah	0.4
berbudi pekerti yang baik	0.6
berbunga	0.6
berbusana	0.8
bercahaya	0.8
bercermin	0.8
bercita rasa	0.6
berdagang	0.6
berdandan	0.8
berdarah	0.8
berdaya	0.6
berdaya guna	0.8
berdendang	0.8
berderajat	0.8
berdiam	0.8
berdisiplin	0.8
berdoa	0.8
berdua	0.2
berduit	0.8
beredar	0.4
berembuk	0.6
berfaedah	0.8
bergairah	0.6
bergamat	0.8
bergantung	0.8
bergas	1.0
bergelora	0.4
bergeming	0.2
bergengsi	0.8
bergigi	0.6
bergolongan	0.8
berguna	1.0
berguru	0.6
berhajat	0.4
berharap	0.8
berharga	0.6
berharta	0.8
berhasil	0.6
berhasrat	0.6
berhati-hati	0.6
berhikmah	0.4
beri	0.4
beribadat	0.8
berikhtiar	0.6
beriktikad	0.4
berilmu	0.8
beriman	0.6
berimbas	0.6
berimbuh	0.2
berirama	0.8
beristirahat	0.6
berjaga-jaga	0.2
berjasa	0.8
berjaya	0.8
berjenis-jenis	0.6
berjihad	0.6
berjilbab	0.6
berjiwa	0.6
berjunjungan	0.8
berkaca	0.8
berkah	0.8
berkait	0.6
berkaitan	0.6
berkandung	1.0
berkarya	0.6
berkat	0.2
berkategori	0.8
berkawal	0.8
berkecambah	0.6
berkecukupan	0.8
berkedudukan	0.8
berkegiatan	0.8
berkeinginan	0.6
berkekuatan	1.0
berkenaan	0.8
berkenan	0.4
berkepercayaan	0.8
berkeras hati	0.8
berkesesuaian	0.6
berketurunan	0.4
berkeyakinan	0.6
berkhasiat	0.8
berkinte	0.6
berkobar-kobar	0.8
berkualitas	0.8
berkuasa	0.8
berkukuh	0.4
berlaba	0.8
berlagak	0.8
berlagu	0.8
berlangganan	0.4
berlanglang	0.8
berlarasan	0.6
berlatih	0.8
berlevel	0.8
berlezat	0.4
berlibat	0.6
berlilit	0.6
berlimpah	0.2
bermacam-macam	0.6
bermakna	0.8
bermanfaat	1.0
bermartabat	0.8
bermaslahat	0.4
bermohon	0.6
bermohon diri	0.4
bermutu	0.6
bernafsu	0.6
bernama	0.8
bernapaskan	0.6
bernilai	0.4
bernyali	0.8
bernyali besar	0.6
bernyanyi	0.4
beroleh	0.6
berotak tajam	0.8
berpacangan	0.6
berpacaran	0.6
berpakaian	0.8
berpamor	0.6
berpandangan	0.2
berparade	0.2
berpartisipasi	0.6
berpasrah	0.6
berpatokan	0.8
berpatroli	0.8
berpaut	0.6
berpedoman	0.8
berpegang	0.8
berpelajaran	0.8
berpembawaan	0.2
berpendidikan	0.6
berpengalaman	0.8
berpengaruh	0.6
berpengetahuan	0.8
berperan serta	0.4
berperingkat	0.8
berpilin	0.6
berpiuh	0.6
berpola	0.8
berprakarsa	0.6
berpulas	0.6
berpunya	0.8
berputra	0.6
bersagang	0.8
bersahabat	0.4
bersahaja	1.0
bersaji	0.8
bersalin	0.6
bersama	0.6
bersamamu	0.6
bersambang	0.8
bersangga	0.8
bersanggama	1.0
bersauh	0.8
bersaur	0.6
bersayap	0.8
bersekolah	0.6
berselawat	0.6
berseluk	0.6
bersemangat	0.8
bersemayam	0.8
bersembahyang	1.0
bersemi	0.6
bersenandung	0.8
bersendel	0.8
bersendeng	0.8
bersender	0.8
bersengat	1.0
berseni	0.8
berseri	0.8
bersesuaian	0.6
bersetuju	0.6
bersiap	0.2
bersimpati	0.8
bersimpuh	0.6
bersinar	0.8
bersitegang	0.8
berstatus	0.8
bersulur	0.6
bersumber	0.8
bersungguh-sungguh	0.8
bersyukur	1.0
bertahan	0.8
bertakwa	0.8
bertambatan	0.6
bertanduk	0.6
bertanya	0.4
bertanya-tanya	0.8
bertaraf	0.6
bertaruk	0.6
berteduh	0.6
berteguh hati	0.8
bertekan	0.2
bertekun	0.8
bertelinga merah	0.8
bertemu	0.4
bertenaga	1.0
bertenggang	0.6
bertepat guna	0.8
bertepatan	0.6
bertransaksi	0.6
bertumpuk	0.8
bertunas	0.6
bertundangan	0.6
bertuntun	0.6
beruntung	0.8
beruntutan	0.6
berupaya	0.6
berusaha	0.6
berwibawa	0.6
berwujud	0.4
berzikir	0.8
besar	0.8
besar akal	0.8
besar hati	0.6
besar lengan	0.6
besar-besaran	0.6
best	0.8
bestari	0.8
betapa	0.8
better	0.4
bianglala	0.8
bidasan	0.6
biduanda	1.0
bijih	0.6
bikinan	0.6
bilas	0.2
bilhak	0.6
bimbing	0.6
bincang	0.4
bineka	0.6
binen	0.6
bingkis	0.8
bingkisan	0.8
birthday	0.8
bisikan	0.8
bismillah	0.8
bisnis	0.6
boleh	0.4
bolehan	0.8
bom	0.2
bonafide	0.6
bonus	0.8
bonyok	1.0
booking	0.4
borong	0.4
bos	0.6
buaian	0.6
buat	0.2
buatan	0.6
bubuh	0.8
budak	0.8
budi pekerti yang baik	0.6
budiman	0.8
bugar	0.8
bujang	0.8
bukan main	0.8
bulang	0.6
bulat kata	0.6
bumbu	1.0
bumbung	0.6
bunga	0.6
bungkusan	0.8
buntut	0.2
bunyi	0.4
buruan	0.2
busana	0.4
buyung	0.8
cadangan	0.4
cakep	1.0
candang	0.4
candrasa	0.6
candu	0.6
canggih	0.8
cantrik	0.6
cantum	0.8
capaian	0.8
capek	0.8
caplok	0.6
care	0.4
cari ilmu	0.8
cash	0.4
catu	0.8
cawis	0.4
cebak	0.6
cedayam	0.4
cedok	0.6
cegah	0.4
cegar	0.8
cekel	0.8
celengan	0.6
cemerlang	0.8
cempiang	0.6
cenangkas	0.6
cendera	0.8
cendera mata	0.8
cengkauan	0.6
cengkeraman	0.2
centil	1.0
cepat	0.6
cepat banget	0.8
cepet	0.4
cerapan	0.6
cerdik	0.4
ceri	0.8
ceria	0.8
ceritanya	0.4
cermin	0.6
cerminan	0.6
challenge	0.4
chat	0.6
check	0.2
cicip	0.6
cindur mata	0.8
cinta	0.6
cinta kasih	1.0
cintai	0.8
cintaku	0.8
cintamu	0.6
cintrong	0.4
ciptaan	0.6
cita rasa	0.6
citra	0.4
cium	0.6
cium telapak kaki	0.2
ciyeee	0.2
coba	0.4
cocok	0.8
coffee	0.4
cokol	0.8
comel	0.8
congrats	0.6
cool	0.4
coret	0.4
coretan	0.4
couple	0.4
cover	0.6
cublik	0.8
cucu adam	0.6
cuma-cuma	0.8
cumil	0.8
cute	1.0
cuti	0.6
dadak	0.6
dagel	0.6
dagelan	0.6
dahulu	0.4
daim	0.6
dakaik	0.6
dakwa	0.6
dalam	0.6
dalang	0.6
damar	0.8
dambaan	0.6
damping	0.2
dana	0.8
dandan	0.8
dansa	0.6
dapat	0.4
dapatkan	0.4
dapet	0.4
darah	0.8
datar	0.6
dateng	0.4
daulat	0.8
daya cipta	0.8
daya gabung	0.8
daya guna	0.8
daya pikir	0.6
daya tahan	1.0
dear	0.4
debat	0.6
debuk	0.6
dede	0.2
dedengkot	0.6
deduksi	0.6
defensif	0.8
definisi	0.6
definit	0.4
degap	0.6
deket	0.2
dekorasi	1.0
delusi	0.6
demen	0.6
denda	0.6
dendam berahi	1.0
dendang	0.4
dengar	0.4
dengar pendapat	0.6
dengerin	0.6
denyut	0.4
dependen	0.6
derajat	1.0
derauan	0.6
deres	0.2
desain	0.8
desakan	0.8
detail	0.4
detailnya	0.2
determinasi	0.6
dewana	0.6
dewasa	0.4
diajak	0.2
diamond	0.6
dibalas	0.4
dibantu	0.4
dibayar	0.6
dicoba	0.4
dicuekin	0.2
didik	0.6
digdaya	0.8
dihati	0.6
dikara	0.6
dikasih	0.4
dikirim	0.4
dikonfirmasi	0.6
dikte	0.6
dimiliki	0.2
dimulai	0.2
dinamika	0.6
dingin	0.8
dipantau	0.4
diproses	0.2
direktur	0.6
disarankan	0.2
disayang	0.6
disiplin	0.6
diskaun	0.6
diskon	0.4
dispensasi	0.6
distingtif	0.8
distribusi	0.6
diterima	0.4
ditunggu	0.4
diva	0.4
doa	0.8
doain	0.4
doang	0.2
dodor	0.6
dogmatis	0.4
dok	0.8
doktrin	0.6
dol	0.6
dominan	0.6
dominasi	0.6
donatur	0.6
dongeng	0.6
donor	0.6
drama ria	0.6
drastis	0.8
drum	0.4
duga	0.6
dukung	0.8
dukungan	0.8
duli	0.8
duluan	0.4
dzuhur	0.2
eaa	0.2
eco	1.0
edar	0.4
efek	0.6
efektif	1.0
efisien	0.8
eja	0.6
eka	0.6
ekonomis	0.6
eksemplar	0.6
eksklusif	0.8
eksplisit	0.6
eksplorasi	0.8
ekspres	0.6
ekstensif	0.6
ekstra	0.6
ekstremis	0.6
elegan	0.8
elektromotif	0.6
elite	1.0
elu	0.6
embel-embel	1.0
emir	0.8
emong	0.6
enak	1.0
endus	0.6
endut-endut	0.6
eneng	1.0
energi	0.6
energik	1.0
enjoy	0.6
enteng	0.8
entitas	0.2
erti	0.4
esa	0.6
esai	0.4
estetik	0.8
estetis	0.8
eviden	0.6
faal	0.8
fadil	0.6
faedah	0.8
fair	0.6
faktitius	0.6
faktual	0.6
familiar	0.4
fanbase	0.6
fans	0.4
fantasi	0.6
fantasy	0.4
fatamorgana	0.6
fatanah	0.6
fav	1.0
favorit	0.6
favorite	0.8
federasi	0.6
fertil	0.8
fiesta	0.6
figur	0.6
fiksi	0.4
filantropi	0.4
filial	0.4
filsafat	0.6
final	0.6
fine	0.6
fit	0.8
fitrah	0.6
fokus	0.6
follback	0.2
formasi	0.6
foto	0.6
free	0.6
friends	0.6
fusi	0.8
gagah	1.0
gairah	0.6
gajak	0.8
gali ilmu	0.8
gambir	0.6
game	0.4
gampang	0.8
ganduh	0.6
gangsar	0.8
gani	0.8
ganjar	1.0
ganjar balas	0.2
ganjaran	1.0
ganjaran balasan	0.2
ganjil	0.8
ganteng	0.8
ganti	0.6
gapah	1.0
gapai	0.6
gapaian	0.6
garda	0.6
gari	0.6
garing	1.0
garis besar	0.4
gatra	0.6
gebyar	0.8
gede	0.4
gedembal	0.4
geger	0.8
gelak	0.4
gelar	0.4
gelebah	0.4
geleser	0.2
gelora	0.4
gema	0.2
gemar	1.0
gembira	1.0
gembur	1.0
gemi	0.6
gemirang	0.8
gempa	0.8
gempa bumi	0.8
gempar	0.8
gending	0.2
gengsi	0.8
genial	0.8
genit	1.0
genius	0.6
gentas	0.6
gerak gerik	0.2
gerak hati	0.8
gerak laku	0.2
gerak-gerik	0.8
gerakan	0.8
gerha	0.6
gerimis	0.2
getas	1.0
giliran	0.6
girang	0.6
girik	0.6
girik-girik	0.6
gita	0.4
gobek	0.6
gokil	0.6
gol	0.6
golongan atas	1.0
gombal	0.4
gombrang	0.6
gombroh	0.6
gombrong	0.6
gontai	0.2
good	1.0
grahita	0.6
gratifikasi	0.4
gratis	0.8
great	0.6
gres	0.8
guar	0.6
gubahan	0.6
gubris	0.6
gudi	0.8
gugah	0.4
guna	0.2
guntang-guntang	0.6
gurih	0.2
guru	0.6
gurufavorit	0.6
gusti	0.8
gutuk	0.8
guys	0.2
gws	0.4
habis	0.6
habituasi	0.2
hadiah	0.8
hai	0.6
hakimah	0.8
hallo	0.8
halo	0.2
haloo	0.6
hamba allah	0.6
hamparan	0.6
hangat	0.8
happy	1.0
harap	0.6
harga	0.6
harga diri	0.6
harkat	1.0
harmonis	0.6
harmonisasi	0.6
harmonisasiuniv	0.4
harum	1.0
hasil	0.6
hastag	0.2
hati	0.4
hatiku	0.4
hay	0.2
hayat	0.6
hayo	0.8
heban	0.8
hebring	0.6
hello	0.4
helloo	0.2
hellooo	0.4
help	0.4
helpful	0.8
hemat	0.8
hendak	0.2
hendaknya	0.2
heran	0.8
herbal	0.4
hi	0.2
hias	0.6
hiasan	0.6
hibah	0.8
hidang	0.4
hii	0.6
hiii	0.2
hijau	0.6
hikmah	0.4
hikmat	0.6
hilir	0.8
hipotetis	0.6
hiruk-pikuk	0.8
hitung	0.2
hoki	0.6
homogen	0.4
hostel	0.2
hotel	0.2
hujan gerimis	0.2
hujan ringan	0.4
hukum	0.6
hulubalang	0.6
hutan	0.6
hy	0.2
ibadah	0.8
ibadat	0.8
idam	0.6
idaman	0.6
ideal	0.6
idiosinkratis	0.8
iflix	0.2
ihsan	0.8
ijtihad	0.6
ikhlas	0.8
iktifak	0.8
ikut serta	0.6
ikutan	0.8
ilmu	0.8
ilusi	0.6
imaji	0.6
iman	0.6
imbal	0.2
imbuh	0.2
imitasi	0.6
imla	0.2
impian	0.6
import	0.4
impulsif	0.6
imut-imut	0.8
inap	0.4
inayat	0.8
indah	0.6
indah ambang	0.8
indikasi	0.4
individual	0.8
infak	0.8
inferensi	0.6
infinit	0.6
informasi	0.4
informasinya	0.4
ingat-ingat	0.8
ingatan	0.6
inkorporasi	0.6
inovasi	0.8
insentif	0.6
insinye	0.8
instingtif	0.6
insyaallah	0.4
intan	0.6
integrasi	0.6
intelektual	0.6
intensi	0.6
interaksi	0.6
interes	0.8
interferensi	0.4
interpretasi	0.6
interupsi	0.6
intim	0.4
intrik	0.8
intuitif	0.6
inventif	0.8
inventivitas	0.8
invitasi	0.4
invite	0.2
irama	0.8
irit	0.4
iritasi	0.2
isbat	0.6
isi perut	0.6
islam	0.8
itifak	0.8
itihad	0.6
jabar	0.6
jagalah	0.6
jago	0.6
jagoan	0.6
jajak	0.6
jala	0.6
jalan bebas hambat	0.4
jalan bebas hambatan	0.4
jalan buka	0.6
jalan keluar	0.6
jalan tengah	0.6
jalan terbuka	0.6
jalanin	0.4
jali	0.4
jamhur	0.6
jamiah	0.2
jamik	0.6
jamil	0.4
jangka	0.6
jantan	1.0
jarak	0.6
jaring	0.6
jasa	0.8
jaswadi	0.6
jatah	0.6
jawara	0.6
jaya	0.8
jebakan	0.6
jelak	0.6
jelang	0.6
jeli	0.8
jempol	0.8
jempolan	0.8
jenak	0.2
jenang	0.8
jentelmen	0.6
jernih	0.8
jernih (suasana)	0.2
jernih suasana	0.2
jiawang	1.0
jibilah	0.8
jidur	0.6
jigrah	0.6
jihad	0.6
jilbab	0.6
jodoh	0.6
join	0.2
joli	0.2
jreng	0.6
juak-juak	1.0
jual	0.2
jualan	0.2
juang	0.6
judul	0.4
jujur	0.8
julat	0.6
jumat	0.4
jumpa muka	0.6
juta	0.4
kaci	0.8
kadang	0.6
kadang-kadang	0.6
kadar	1.0
kado	0.4
kaget	0.6
kagum	0.6
kaisar	0.8
kait	0.2
kaji	0.8
kajian	0.8
kakek	0.6
kaki tangan	0.8
kalem	0.8
kalis	0.8
kalong	0.6
kam	0.4
kamil	0.6
kampanye	0.6
kandis	0.8
kangen	0.6
kanjang	0.8
kanjeng sultan	0.8
kantong	0.2
kapabilitas	0.6
kapasitas	0.6
karena allah	0.4
karib	0.8
karimah	0.8
karsa	0.6
karunia	0.8
karya	0.6
karyawan	0.6
kasad	0.2
kasatmata	0.8
kasih	0.4
kasih sayang	1.0
kasihan	0.8
kasual	0.6
kawakan	1.0
keahlian	0.6
keaktifan	0.4
keampuhan	0.8
kebahagiaan	0.8
kebaikan	0.8
kebajikan	0.8
keberuntungan	0.8
kebesaran	0.8
kebijakan	0.6
kebisaan	0.8
kebolehan	0.4
kebutuhan	0.8
kecakapan	0.4
kecantikan	0.4
kece	1.0
kecepatan	0.8
kecerdikan	0.8
kecong	0.6
kedai susu	0.8
kedalaman	0.6
kediaman	0.4
kedodoran	0.6
kedot	0.4
kedoyanan	0.6
keenakan	0.8
kegagahan	0.8
kegembiraan	0.8
kegiatan	0.6
kegilaan	0.6
kegirangan	0.6
kegirangan keceriaan	0.8
kegunaan	0.8
kehadiran	0.6
kehangatan	0.8
kehormatan	1.0
keikutsertaan	0.6
kejadian	0.6
kejayaan	0.8
kejelasan	0.2
kejuruan	0.6
kejut	0.6
kejutan	0.6
kekaguman	0.8
kekal	0.6
kekayaan	0.4
kekekalan	0.6
kekeluargaan	0.8
kekhususan	0.6
kekuatan	0.6
kekuatan batin	0.6
kelahiran	0.6
kelajuan	0.8
kelapangan	0.6
kelar	0.6
kelawasan	0.2
kelelawar	0.6
kelepasan	0.6
kelezatan	0.8
keliatan	0.4
kelih	0.8
kelilipan	0.6
kelimpahan	0.8
kelonggaran	0.6
keluang	0.6
keluangan	0.6
keluaran	0.6
keluarga	0.8
keluasan	0.6
kelucuan	0.6
kemahiran	0.8
kemampuan	0.8
kemangkakan	0.6
kemantapan	0.8
kemas	0.6
kemaslahatan	0.8
kemasyhuran	0.8
kembang	0.6
kemegahan	0.8
kemiripan	0.4
kempuh	1.0
kemudahan	0.6
kemudi	0.6
kemufakatan	0.6
kemunculan	0.6
kemurahan	0.8
ken	0.6
kenal	0.6
kenamaan	1.0
kenang	0.6
kenang-kenangan	0.6
kenangan	0.6
kencang	0.6
kenduri	0.8
kenek	0.2
kenikmatan	0.8
kenyam	0.2
kenyamanan	0.8
kenyang	0.6
kepandaian	0.8
kepatuhan	0.6
kepedulian	0.8
kepelesiran	0.6
kepentingan	1.0
kepercayaan	0.6
keperluan	1.0
kepesatan	0.8
kepiawaian	0.8
kepintaran	0.8
kepoin	0.4
kepuasan	0.6
keputusan	0.8
kerabat	0.6
keras tulang	0.4
kerasan	0.4
keren	0.8
keren banget	1.0
keriaan	0.6
keriangan	0.8
kerinduan	0.4
keringanan	0.4
kerja	0.4
kerja sama	0.8
kerjaan	0.4
kerjasama	0.6
kerukunan	0.6
kes	0.6
kesabaran	1.0
kesah	0.4
kesatria	0.4
kesebatan	0.8
kesediaan	0.2
keseimbangan	0.8
kesemarakan	0.8
kesertaan	0.4
keseruan	0.6
kesetiaan	0.6
kesima	0.8
kesimpulan	0.6
kesohor	1.0
kestabilan	0.8
kesudian	0.4
kesufian	0.8
kesukacitaan	0.6
kesuma	0.6
ketaatan	0.6
ketajaman	0.6
ketangkasan	0.8
ketapak	0.6
ketawa	0.8
keteguhan batin	0.6
keteguhan hati	0.6
ketemu	0.2
ketenteraman	0.8
keterbukaan	1.0
keterikatan	0.8
ketertarikan	0.8
ketertiban	0.6
ketetapan hati	0.6
ketiadaan	0.2
ketibaan	0.6
keuntungan	0.8
keurus	0.8
keurusan	0.8
khalas	0.6
khalis	0.8
khas	0.8
khasiat	0.8
khayal	0.4
khayalan	0.8
khuluk	0.6
khusyuk	0.6
kias	0.8
kiat	0.6
kicau	0.6
kicu	0.6
kikir	0.8
kilat	0.6
kimah	1.0
kincang	0.6
kincung	0.6
kini	0.6
kiprah	0.6
kipu	0.8
kira	0.4
kirim	0.4
kisas	0.6
kismat	0.8
kits	1.0
klasik	0.6
klien	0.8
kodrat	0.8
kohesi	0.8
koleksi	0.2
komedi	0.6
komisi	0.6
kompetensi	0.6
komplemen	1.0
komplet	0.6
komplot	0.8
konco	0.8
kondang	1.0
konferensi	0.4
konfirmasi	0.6
konfirmasikan	0.6
konfirmasinya	0.6
konformitas	0.8
konklusi	0.6
konkret	0.6
konsensus	0.6
konseptual	0.6
konsolidasi	0.6
konspirasi	0.8
konstelasi	0.4
konstruktif	0.6
konsultasi	0.6
kontan	0.6
kontemporer	0.6
kontributor	0.6
kooperasi	0.2
koordinasi	0.2
koordinasikan	0.2
koordinator	0.4
korek	0.8
kosen	0.8
kreasi	0.6
kreatif	0.8
kreativitas	0.8
kredibel	0.6
krim	0.2
kroni	0.8
kuala	0.8
kualifikasi	0.4
kualitas	0.8
kuasa	0.6
kuat (dugaan)	0.4
kuat batin	0.6
kuat duga	0.4
kucil	0.2
kucup	0.4
kucur	0.8
kudus	0.8
kujarat	1.0
kunci	0.6
kundangan	1.0
kunjung	0.6
kunjungi	0.6
kuntit	0.2
kunyah	0.6
kupon	0.6
kusa	0.6
kusuma	0.8
kuy	0.2
laba	0.8
labiovelar	0.8
labuh	0.6
labuhan	0.6
laden	0.6
lagak	0.4
lagu	0.4
lahir	0.6
lajnah	0.6
lakeri	0.6
lalu	0.6
lam	0.6
lambuk	0.6
lambung	0.4
lampu	0.8
lancar	0.8
lancar banget	0.8
lancarkan	0.6
lancung	0.6
langgam	0.4
langgan	0.4
langganan	0.8
langgeng	0.8
langkah	0.8
langkah baik	0.8
langkah kanan	0.6
langsung	0.6
lanjutkan	0.2
lantik	0.6
lantip	0.6
lapang	0.6
lapangan	0.6
lapisan	0.6
lapor	0.4
laporkan	0.4
latih	0.6
latih diri	0.8
laun	0.2
layan	0.4
layanan	0.6
lebai	0.8
lebar	0.6
lebih-lebih	0.8
lebuk	0.6
lebun	0.6
legawa	0.8
legit	0.8
lektur	0.8
lelah	0.8
lemas	1.0
lembek	1.0
lembik	1.0
lembuk	0.6
lenggang	0.4
lengkap	0.4
lengkap banget	0.8
lentera	0.8
lestari	0.8
letih	0.8
lezat	1.0
liat	0.4
libur	0.6
liburan	0.6
licin	0.8
lihat	0.6
lila	0.8
limbukan	0.6
limpah	0.2
lincah	0.8
lindu	0.8
lindung	0.8
lingkungan	0.6
lini	0.8
linu	0.8
linuhung	0.6
lipur	0.4
liputan	0.6
live	0.6
longgar	0.6
longo	0.6
losmen	0.4
love	1.0
lovers	0.8
luar biasa	1.0
luas	0.6
luck	0.8
lucu	0.6
lugas	0.8
lugu	0.8
luk	0.6
lukis	0.4
lukisan	0.4
luluh	1.0
lulus	1.0
lumayan	0.2
lunak	1.0
lunas kapal	0.4
lunch	0.6
lupain	0.2
lupakan	0.2
luruh	0.4
lurus	0.8
lurus hati	0.6
mabrur	0.8
maen	0.6
mafhum	0.6
maha	0.8
mahabah	0.8
mahal	0.2
mahdi	0.6
mahfum	0.8
mahir	0.8
maimun	0.8
main	0.4
majenun	0.6
majubersama	0.6
makan	0.2
makanan	0.6
makasih	0.8
makbul	0.6
makhluk	0.6
makin	0.4
maklum	0.6
makmur	0.8
makna	1.0
makruf	0.8
maksimal	0.6
maksud	0.6
malayari	0.6
malim	0.6
mama	0.8
mamak	0.4
mancing	0.4
mandraguna	0.8
manfaat	1.0
manfaatnya	0.6
manggala	0.6
manila	1.0
manis	1.0
manja	1.0
manjur	0.8
mantap	1.0
mantap banget	1.0
mantapppp	1.0
mantul	0.8
manusia	0.6
mapan	0.6
margrit	0.6
mari	0.8
marilah	0.2
martabat	1.0
masa kini	0.6
masak	0.4
masakan	0.6
masjid	0.6
maskapai	0.6
maslahat	0.6
masygul	0.6
mata cahari	0.4
mata gawai	0.8
mata pencaharian	0.4
matahari	0.4
mau	1.0
maujud	0.4
maut	0.8
medali	0.8
medium	0.4
mekar	0.6
melafalkan	0.4
melahirkan	0.6
melakoni	0.2
melakonkan	0.6
melalui	0.6
melambungkan	0.4
melampas	0.8
melancarkan	0.6
melantik	0.6
melantunkan	0.6
melanyak	0.8
melarikan	0.6
melarutkan	0.2
melatih diri	0.8
meledos	0.6
melek	0.4
melendeh	0.6
melengkapi	0.6
meletakkan	0.8
melewati	0.6
melicinkan	0.8
melihat	0.6
melilit	0.6
melintangi	0.6
melintas (rimba)	0.6
melipur	0.8
melisankan	0.6
meloloskan	0.6
melongo	0.6
melontarkan	0.6
meluas	0.4
meluluskan	0.6
meluncurkan	0.6
memafhumi	0.6
memahami	0.6
memahirkan	0.8
memaklumi	0.6
memalu	0.6
memandu	0.6
memang	0.8
memanjang	0.6
memanjatkan doa	0.8
memarkir	0.2
memartil	0.6
mematuhi	0.8
membaca	0.8
membahagiakan	0.8
membahas	0.2
membalas	0.8
membantu	0.8
membatu	0.4
membayangkan	0.4
membenang	0.8
membenarkan	0.6
memberi	0.4
membiasakan	0.4
membimbingmu	0.6
membimbit	0.6
membingkas	0.6
membingkis	0.8
membuat	0.2
membubuhkan	0.8
membunyikan	0.4
memegang kitab	0.8
memeluk	0.8
memendam	0.8
mementingkan	0.8
memerikan	0.6
memesonakan	1.0
memfasilitasi	0.4
meminati	0.6
meminda	0.8
meminta	0.2
meminta (kpd tuhan)	0.6
memintasi	0.6
memolakan	0.8
mempercantik	0.6
memperelok	0.6
memperindah	0.6
memperkirakan	0.4
memperkuat	0.6
mempermudah	0.8
mempersiapkan	0.2
mempersolek	0.6
mempertentangkan	0.2
memprediksi	0.6
mempromosikan	0.6
mempunyai	0.8
memuai	0.6
memuaskan	1.0
memuaskan banget	1.0
memudahkan	0.8
memudar	0.4
memuji-muji	0.8
memukau	0.8
memunculkan	0.6
memusingkan	0.8
menabung	0.8
menafsirkan	0.4
menakjubkan	0.6
menaksir	0.6
menambah	0.6
menangkap	0.6
menarik	0.8
menarik hati	0.6
menaruh hati	0.6
menating	0.6
menayangkan	0.4
mencari akal	0.6
mencari ilmu	0.8
mencari jalan	0.6
mencebikkan	0.8
mencemaskan	0.8
mencengangkan	0.8
menceritakan	0.6
mencerna	0.6
mencinta	1.0
mencintai	0.6
mencintaimu	0.8
mencium telapak kaki	0.2
mencolok	0.4
mencontoh	0.8
mencontohkan	0.8
mencurigai	0.2
mendahului	0.4
mendaifkan	0.8
mendalam	0.6
mendandankan	0.6
mendapat	0.6
mendengungkan	0.6
menderaikan	0.6
mendeteksi	0.6
mendidik	0.6
mendikte	0.6
mendoa	0.8
menduga	0.6
mendusin	0.8
menebak	0.6
menebarkan	0.6
menegarkan	0.4
meneladan	0.8
menelungkup	0.2
menelurkan	0.6
menelusuri	0.6
menembusi	0.6
menempuh (hidup)	0.6
menemukan	0.4
menenangkan	0.8
menentu	0.6
menerima	0.6
menerka	0.6
menetap	0.6
mengabaikan	0.8
mengacau	0.8
mengadunkan	0.6
mengaibkan	0.2
mengaji	0.8
mengakap	0.8
mengakar	1.0
mengalami	0.6
mengalem	0.8
mengalirkan darah	0.8
mengalunkan	0.6
mengambil contoh	0.8
mengambil ibarat	0.8
menganggap	0.6
menganggar	0.6
mengangkat-angkat	0.8
mengangsur	0.2
mengantisipasi	0.6
menganugerahi	0.6
menganut	0.8
mengarahkan	0.6
mengarifi	0.6
mengartikan	0.2
mengasihani	0.8
mengasihi	0.4
mengasosiasikan	0.6
mengatakan	0.6
mengawaki	1.0
mengawal	0.4
mengecamkan	0.6
mengecat	0.8
mengecilkan	0.8
mengeja	0.6
mengeloskan	0.6
mengeluarkan darah	0.8
mengembang	0.2
mengenal	0.2
mengenang	0.6
mengentengkan	0.8
mengerikan	0.8
mengerti	0.4
mengesankan	0.8
mengetuk	0.6
menggali ilmu	0.8
menggambari	0.6
mengganggu	0.8
mengganjar	1.0
mengganjari	0.6
menggegerkan	0.8
menggemari	0.6
menggemburkan melambuk	0.6
menggemparkan	0.8
menggerecoki	0.8
menggirangkan melegakan	0.8
menghadiahi	0.8
menghadiahkan	0.6
menghajatkan	0.2
menghebohkan	0.8
mengherankan	0.6
menghidangkan	0.4
menghikayatkan	0.6
menghimpunkan	0.6
menghirukkan	0.8
menghubungi	0.2
menghukum	0.8
mengibai	0.8
mengikuti	0.6
mengiler	0.6
mengimbas	0.6
mengimbasi	0.6
mengimbuhi	0.6
mengimbuhkan	0.8
mengimla	0.2
mengingat-ingat	0.4
mengingatkan	0.6
menginginkan	0.8
menginsafi	0.6
menginterprestasikan	0.2
mengipasi	0.6
mengira-ngira	0.6
mengisi	0.4
mengizinkan	0.6
mengoles	0.8
mengononkan	0.6
mengontak	0.2
mengorak senyum	0.4
mengotot	0.8
mengucapkan	0.6
mengucil	0.2
mengucup	0.4
mengumaikan	0.6
mengumpulkan	0.6
mengumumkan	0.6
menguntir	0.8
menguntiti	0.2
menguntungkan	0.8
mengusili	0.8
mengutarakan	0.6
meni	0.8
menikah	0.8
menimba	0.8
menimba ilmu	0.8
meniru	0.8
meniti	0.4
menjadi-jadi	0.2
menjahili	0.8
menjalani	0.6
menjejali	0.2
menjelajah	0.6
menjelajahi	0.6
menjelang	0.6
menokok	0.6
menolong	0.8
menongkat	0.8
menorehkan	0.2
mentab	0.4
menukar	0.2
menumbuk	0.8
menuntun	0.6
menuntut ilmu	0.8
menuturkan	0.6
menyadari	0.4
menyaksikan	0.2
menyala	0.4
menyampaikan	0.6
menyandar	0.8
menyanjung	0.8
menyanjung-sanjung	0.4
menyanyi	0.8
menyanyikan	0.6
menyapih	0.8
menyayang	0.8
menyayangi	0.8
menyeberangi	0.6
menyebut	0.6
menyediakan	0.4
menyegarkan	0.6
menyempurnakan	0.6
menyenangkan	0.8
menyeni	0.2
menyepelekan	0.8
menyerempakkan	0.6
menyerikati	0.6
menyerupai	0.8
menyesali	0.6
menyiapkan	0.2
menyikap	0.2
menyingsing	0.6
menyuarakan	0.6
menyukai	0.8
menyuplai	0.4
menyusuri	0.6
menyusutkan	0.2
meragam	0.8
merah	0.8
merah jambu	0.6
merah muda	0.6
merahimi	0.8
merakit	0.6
meramalkan	0.6
merapal	0.2
merapat	0.2
merasai	0.2
merata	0.2
meraun	0.8
merawikan	0.6
merdu	1.0
merecoki	0.8
merekam	0.4
meremas-remas	0.6
merenangi	0.2
merencanakan	0.6
merentangkan	0.6
merenung	0.6
merespon	0.6
merger	0.6
meriah	0.6
meributkan	0.8
merilis	0.6
merinai	0.2
meringankan	0.4
meriwayatkan	0.6
meronda	0.8
meruncing	0.8
mesem	0.4
mesra	0.8
metah	0.8
mewarisi	0.6
mewarnai	0.8
mewisuda	0.6
meyakinkan	0.6
mikat	0.4
mikroanalisis	0.6
milik	0.2
mimpi	0.4
mimpian	0.4
minat	0.8
minta kpd tuhan	0.6
misbah	0.8
mksh	0.4
mobil	0.2
moblong	0.6
model	0.6
modern	0.6
modifikasi	0.4
moga	0.2
moga-moga	0.2
mohon diri	0.4
mojang	0.4
momentum	0.6
monggo	0.6
monopoli	0.6
montok	0.6
mood	0.4
moral	0.8
moratorium	0.6
motel	0.2
motivasi	0.6
muara	0.8
muas	1.0
mudah	0.8
mudah banget	0.8
mudah-mudahan	0.2
mudahan	0.2
mufaham	0.6
mufakat	0.8
muhibah	0.8
mujarab	0.8
muji	0.4
mujur	0.8
mukhlis	0.6
mukibat	0.6
mukim	0.4
muktabar	0.6
muktamar	0.8
mulai	0.2
mullah	0.6
mulut sungai	0.8
murah	0.6
murid	0.6
musara	0.6
music	0.2
musik	0.4
muslim	0.6
mustahil	0.6
mustaid	0.6
mustajab	0.8
mustakim	0.8
mutakhir	0.8
mutu	0.6
muwafakat	0.6
nabi	0.4
nada	0.4
nafkah	0.6
naik	0.2
naik daun	0.8
naik ke pelamin	0.6
naik ke pelaminan	0.6
naik pelamin	0.8
naik pelaminan	0.8
naikkan	0.2
nasi	0.4
natal	0.2
natur	0.6
neces	0.8
necis	0.8
negosiasi	0.4
nemenin	0.4
neng	1.0
ngajak	0.2
ngasih	0.6
ngerti	0.2
ngobrol	0.2
ngopi	0.6
ngurusin	0.4
nian	0.8
nice	0.8
nikmat	0.6
nikmati	0.6
nila	0.4
nilai	1.0
nirmala	0.8
nomine	1.0
normal	0.2
novel	0.4
nuftah	0.6
nunggu	0.2
nuri	0.6
nyala	0.4
nyali	0.8
nyali besar	0.6
nyaman	0.8
nyaman banget	0.8
nyamleng	1.0
nyana	0.6
nyanyi	0.6
nyanyian	0.4
nyata	0.8
objektif	0.8
ok	0.8
okay	0.8
oke	0.6
oke banget	0.8
okeey	0.4
okelah	0.6
only	0.2
operasi	0.2
oportunitas	0.6
orak senyum	0.4
orang islam	0.4
orde	0.6
ordo	0.6
organisasi	0.6
orientasi	0.6
orisinal	0.6
ornamen	1.0
otak	0.6
otak encer	0.4
otentik	0.6
otomatis	0.6
ovum	0.8
pacaran	0.6
pacarnya	0.4
paduka	0.8
paduka tuan	0.8
page	0.4
pagon	0.6
pahala	0.4
paheman	0.8
pakat	0.8
pamit	0.4
pamrih	0.2
panas	0.8
panas kuku	0.8
pancaroba	0.2
pandai	0.8
pandai bicara	0.6
pandang	0.2
pandu	0.6
pangeran	0.2
panggul	0.8
pangkat	1.0
panglima	0.6
pangus	1.0
panil	0.8
panitia	0.6
panjang	0.4
panjang tungkai	0.4
panjat doa	0.8
panorama	0.6
pantai	0.2
pantar	0.2
pantas mulut	0.4
pantat	0.6
pantau	0.4
panti	0.4
pantulan	0.6
paparan	0.6
para	0.4
para-para	0.4
parade	0.2
paradigma	0.6
paramarta	0.8
paripurna	0.2
parkir	0.2
parsel	0.4
partisipasi	0.6
pas	0.6
pasang	0.8
pasang hidup	0.8
pasangan hidup	0.8
pasar uang	0.4
pasrah	0.6
pasti	0.6
pastikan	0.6
patroli	0.4
patuh	0.8
paya	0.8
payu	0.4
peduli	0.8
pegah	1.0
pegawai	0.6
pejatian	0.6
peka	0.4
pekerja	0.6
pekerjaan	0.6
pelajar	0.2
pelajaran	0.4
pelamin	0.8
pelaminan	0.8
pelancar	0.4
pelanggan	0.8
pelangi	0.8
pelarasan	0.6
pelatih	0.6
pelayan	0.8
pelayanan	0.6
peleburan	0.6
pelengkap	0.4
pelesapan	0.6
pelihara	0.6
pelipuran	0.4
pelita	0.8
pelupuk mata	0.8
pemaafan	1.0
pemair	0.6
pemajangan	0.8
pemandangan	0.4
pemantapan	0.8
pembahasan	0.2
pembaruan	0.8
pembeli	0.4
pembiasaan	0.6
pembimbing	0.6
pemenang	0.6
pemenangnya	0.8
pemilik	0.6
pemilikan	0.6
pemuaian	0.6
pemuda	0.4
pemudaan	0.4
pemufakatan	0.8
pemuja	0.6
penabung	0.6
penahan	0.6
penali	0.6
penambahan	0.4
penandasan	0.6
penanganan	0.2
penangguhan	0.6
penanggulangan	0.4
penangkalan	0.8
penanti	0.6
penat	0.8
pencatat	0.6
pencatatan	0.6
pencedok	0.6
pencegahan	0.8
pencitraan	0.4
pendaftaran	0.6
pendahuluan	0.6
pendalaman	0.8
pendataan	0.6
pendekar	0.6
penderma	0.6
pendidik	0.6
pendukung	0.8
penegasan	0.6
penentuan	0.6
penerang	0.8
penerima	0.4
pengajar	0.6
pengalaman	0.4
pengalasan	0.6
pengaman	0.4
pengandaian	0.6
pengangkut	0.2
pengapit	0.8
pengaruh	0.6
pengasih	0.8
pengasuh	0.6
pengembangan	0.6
pengembangannya	0.6
pengen	0.6
pengenalan	1.0
pengertian	0.6
pengetahuan	0.8
penggabungan	0.6
penggalian	0.8
pengganti	0.6
penggede	0.6
pengguna	0.2
penggunaan	0.2
penghargaan	0.8
pengharmonisan	0.6
penghayatan	0.6
penghidupan	0.4
penghimpunan	0.6
penghuni	0.6
penginapan	0.4
pengirim	0.2
penguasaan	0.6
pengukur	0.6
pengumpulan	0.6
pengurus	0.6
penimbunan	0.2
peninggalan	0.8
penjelasan	0.6
penjenang	0.8
penolong	0.8
penongkat	0.6
penumpil	0.6
penumpukan	0.2
penundukan	0.6
penunggu	0.6
penunggu dunia	0.4
penunjang	0.6
penyambut	0.4
penyantun	0.8
penyelarasan	0.6
penyelesaian	0.4
penyempurnaan	0.6
penyeragaman	0.2
penyerasian	0.6
penyerobotan	0.6
penyesuaian	0.6
penyimpan	0.6
penyokong	0.6
perai	0.6
peran serta	0.6
perangsang	0.6
perantaraan	0.8
perata	0.4
perataan	0.4
perbaikan	0.6
perbentrokan	1.0
percaya	0.4
percaya diri	0.8
percederaan	1.0
percuma	0.8
perdeo	0.8
perduli	0.8
pere	0.6
perembukan	0.8
perempuan cantik	1.0
peresapan	0.6
perfek	0.8
pergeseran	1.0
perhatian	0.8
perhimpunan	0.6
peri	0.6
peria	0.4
perian	0.6
perilaku	0.4
perincian	0.6
peristiwa	0.4
perjuangin	0.6
perkasa	0.8
perkiraan	0.6
perkolasi	0.6
perkomplotan	0.8
perkumpulan	0.6
perlu	0.4
perlup	0.6
permadani	0.6
permanen	0.6
permata	0.6
permufakatan	0.6
permukiman	0.6
permulaan	0.6
pernik	0.6
perolehan	0.6
peronda	0.6
perpaduan	0.8
perpanjangan	0.4
persahabatan	0.8
persamaan	0.4
persediaan	0.6
persekongkolan	0.8
persembahan	0.8
persen	0.4
persenan	0.4
perseptif	0.6
perserikatan	0.6
perserupaan	0.8
persesuaian	0.8
persiapan	0.4
personalitas	0.2
pertahanin	0.2
pertahankan	0.2
pertanda	0.8
pertemuan	0.6
pertiwi	0.6
pertolongan	0.8
pertukaran	0.2
pertumpahan	0.6
peruntungan	0.8
perusahaan	0.6
perut	0.6
perwira	0.8
pesam	0.8
pesanggrahan	0.4
pesat	0.6
pesona	0.8
pesta	0.8
pestaka	0.8
petah lidah	0.8
petes	0.8
pilihan	1.0
pinggul	0.8
pingin	0.4
pinisepuh	0.6
pinky	0.6
pinter	1.0
pionir	0.6
plong	0.6
plus	0.4
poin	0.4
pokok	0.6
pokta	1.0
pola	0.6
polemik	0.6
pop	1.0
populer	1.0
porsi	0.8
portofolio	0.4
pose	0.6
positif	0.8
potensi	0.6
prabu	0.8
prakiraan	0.6
praktis	0.8
prasarana	0.6
prasetia	0.6
prawira	0.8
prayojana	0.6
prediksi	0.6
preferensi	0.6
prei	0.6
preinan	0.6
premium	0.4
preseden	0.8
presiden	0.6
preventif	0.8
prigel	0.8
prima	0.8
primadona	1.0
primbon	0.8
probabilitas	0.6
prodeo	0.8
produk	0.6
produktif	0.4
profit	0.8
profitabel	0.8
prominen	1.0
promo	0.6
promote	0.6
prospek	0.6
protektor	0.6
proud	1.0
provokasi	0.2
proyeksi	0.6
pseudonim	0.4
puadai	0.8
puas	0.8
publikasi	0.4
puja	0.8
puji	0.8
pukal	0.6
pukau	0.4
pukauan	0.8
pulas	0.8
pulut	0.6
pundi	0.4
pundi-pundi	0.4
punia	0.8
punya nama	1.0
purna	0.6
purusa	0.6
pusaka	0.8
pusat	0.6
puspa	0.8
puspita	0.6
pustaka	0.8
puterin	0.2
putus kata	0.8
putusan	0.6
qadim	0.6
queen	0.4
quran	0.6
radikalis	0.6
radu	0.6
rafi	0.6
rahasia	0.6
rahayu	0.8
rahim	0.4
raih	0.4
raihan	0.4
rais	0.6
rajah	0.2
rajin	0.8
rakitan	0.6
rama	0.6
ramah	1.0
ramaikan	0.6
ramanda	0.6
rame	0.4
rampuh	0.6
rampung	0.6
rana	0.8
rancak	1.0
rani	0.8
ranum	1.0
rapal	0.2
rapi	0.6
rasai	0.2
ratna	0.4
ratu	0.4
rawa	0.8
rawat	0.6
ready	0.2
reaksioner	0.6
real	0.4
realistis	0.8
recok	0.8
recommended	0.8
refleks	0.6
refleksi	0.6
refresh	0.4
regenerasi	0.8
rejeki	0.8
rekaan	0.6
rekan	0.8
rekognisi	1.0
rekomen	0.8
rekomend	0.8
rekonsiliasi	0.8
reksa	0.6
rektifikasi	0.2
rela	1.0
religi	0.2
religiositas	0.6
rembuk	0.6
rembukan	0.6
renang	0.2
rengkuh	0.2
rengkuhan	0.2
renjana	0.4
renovasi	0.8
reparasi	0.6
reply	0.4
reputasi	0.4
resam	0.6
resap	0.6
resep	0.6
reseptor	0.4
resmi	0.4
resolusi	0.6
respon	0.4
respons	0.6
responsif	0.8
revolusioner	0.6
rezeki	0.6
ria	0.8
riah	0.6
riang	0.6
rias	0.6
riasan	0.6
ribut	0.8
riil	0.8
rilis	0.6
rimba	0.6
rinai	0.2
ringan	0.4
ringan kepala	0.4
ringan tangan	0.8
ringan tulang	1.0
rintis	0.4
rintisan	0.4
rizki	0.8
roh	0.8
rohaniah	0.4
romantis	0.8
ronda	0.4
rotan	0.8
ruji	0.6
rumah tangga	0.4
rumput	0.6
runtut	0.6
rupa	0.6
rupawan	1.0
rusuhan	0.2
sabar	1.0
sadar	0.4
sadu	0.6
sahabat	0.8
sahabatku	0.6
sahabatnya	0.6
sahaja	0.4
sahut	0.2
sahutan	0.2
sains	0.6
saji	0.8
sakelek	0.8
saksi	0.2
salamat	0.8
salambersama	0.2
salat	1.0
saldo	0.4
salim	0.8
salin	0.6
sama	0.6
samad	0.6
sambang	0.4
sambatan	0.8
sambung tangan	0.8
sambungan tangan	0.8
sambut	0.6
sambutan	0.6
sami	0.6
samseng	0.6
samun	0.6
sandaran	0.6
sanggup	0.4
sangka	0.6
sangkil	0.8
sani	0.6
sanjung	0.4
santai	0.4
santer	0.8
santiran	0.6
santun	0.8
santunan	0.6
sarannya	0.2
sarap	0.6
sarju	0.8
saruk	0.8
sastra	0.4
satria	0.8
satu	0.6
sauk	0.6
sawala	0.6
say	0.2
sayang	0.6
sayid	0.6
searah	0.2
sebab	0.6
sebanding	0.6
sebandung	0.6
sebenarnya	0.8
sebenernya	0.2
sebetulnya	0.8
sebukan	0.6
secepatnya	0.6
sedap	1.0
sedeng	0.6
sedia	0.4
seemak	0.6
segar	0.8
segeh	0.6
segenap	0.4
segera	0.6
sehat	0.8
seia	0.6
seibu	0.6
seindah	0.6
sejadah	0.6
sejati	0.6
sejenak	0.2
sekah	0.6
sekali-kali	0.6
sekam	0.6
sekar	1.0
sekata	0.6
sekolah	0.6
selamat	1.0
selamatan	0.8
selaras	0.6
selawat	0.6
selayaknya	0.6
selenggara	0.6
selengkapnya	0.2
selera	0.6
selesa	0.6
selfie	0.4
seloroh	0.6
semak-semak	0.6
semakin	0.4
semangat	0.8
semarak	0.6
sembahyang	1.0
sembahyangan	0.8
sembir	0.8
semboyan	0.4
sembuh	0.8
semerbak	0.4
semi	0.4
sempena hati	0.8
sempurna	1.0
semringah	0.8
semu	0.6
senang	1.0
seneng	1.0
sensibel	0.4
sensitif	0.2
sentosa	1.0
senyum	0.4
senyuman	0.8
senyumin	0.6
senyumnya	0.6
sepada	0.6
sepakat	0.8
sepantar	0.2
sepantasnya	0.4
sepatu	0.6
sepatutnya	0.4
sepele	0.8
seragam	0.2
serapah	0.8
serasi	0.8
seraya	0.8
serbasama	0.6
serbaserbi	0.6
seremeh	0.6
serempak	0.6
serentak	0.6
serep	0.4
sering	0.6
seringai	0.8
sero	0.6
serta	0.4
serta-merta	0.6
seru	1.0
seruh	0.4
serunda	0.4
serundai	0.4
servis	0.6
sesaji	0.8
sesambat	1.0
sesuai	0.6
sesungguhnya	0.8
setara	0.4
setir	0.2
setuju	0.8
setujuan	0.8
sewajarnya	0.4
shalat	0.8
sharing	0.6
shiawase	0.4
sholat	1.0
show	0.4
siap	0.2
sibuk	0.8
sigap	0.8
sikap	0.4
silah	0.6
silahkan	0.6
silakan	0.2
silang pendapat	0.6
silaturahim	0.8
silir-semilir	0.4
simbok	0.4
simetris	0.6
simpanan	0.6
simpat	0.8
simpatisan	0.6
simpel	0.6
simple	0.6
simpleks	0.6
simplistis	0.6
simpuh	0.6
simpul	0.6
sing	1.0
singkap	0.6
single	0.6
singsing	0.6
sinkron	0.2
sinkronisasi	0.6
sintal	0.6
sintetis	0.6
sinuhun	0.8
sip	0.6
siph	0.4
sipp	0.6
sippp	0.6
sir	0.4
sir-siran	0.4
siswa	0.6
siuman	0.6
size	0.2
sketsa	0.4
slow	0.2
smartphone	0.2
smga	0.2
smpai	0.2
snapback	0.4
sob	0.4
sobat	0.8
sohib	0.6
sohor	0.8
sokong	0.6
solah	0.8
solat	0.2
soleha	0.6
solo	0.4
solusi	0.6
solusinya	0.6
sorongan	0.8
sosial	0.8
sosialistis	0.6
sosialita	1.0
sparing	0.6
special	0.8
spesial	0.8
spesialis	0.8
spesialisasi	0.6
spesifikasi	0.6
sponsor	0.4
spontan	0.6
sporadis	0.4
sportif	0.6
sput	0.8
sreg	0.4
sregep	0.8
sri paduka	0.8
stabil	0.6
stabilitas	0.8
stamina	0.6
standardisasi	0.4
statis	0.8
statistik	0.2
stop	0.6
streng	0.2
struktur	0.6
studi	0.8
stupa	0.8
suam-suam kuku	0.8
suapan	0.8
suara	0.4
suara halus	0.8
suasana	0.8
suasana (hati)	0.2
suasana hati	0.2
sublim	0.6
substansi	0.2
substansial	0.2
subur	0.4
suci	0.8
sudah	0.6
suguh	0.4
suguhan	0.8
suka	0.6
suka cita	0.8
suka-suka	0.6
sukacita	0.4
sukar	0.8
sukarela	0.8
sukat	0.6
sukses	0.6
sumbu	0.4
sumpah	0.6
sumringah	0.8
sunan	0.8
sungguh	0.8
sungguh-sungguh	0.4
super	0.6
superior	0.8
suplemen	1.0
suporter	0.6
support	0.8
surat tanah	0.6
surau	0.4
suvenir	0.8
swagriya	0.4
sweet	0.6
syarikat	0.6
syg	0.6
syukur	1.0
syukuri	0.6
taat	0.6
tabah	1.0
tabah hati	1.0
tabe	0.6
tablig	0.2
tabung	0.6
tabung bambu	0.6
tabungan	0.6
tafsir	0.4
tahan lama	0.2
tahan lasak	0.8
tahu	0.8
tahu aturan	0.8
tajali	0.6
tajam	0.8
tajam mata	0.4
tajam otak	0.8
tajam pikiran	0.8
tak segan	0.4
takar	0.6
takjub	0.8
takrif	0.6
taksir	0.6
taksiran	1.0
takyin	0.6
takzim	0.6
talen	0.4
talenta	0.8
taman	0.2
tambahan	1.0
tampilan	0.2
tanda jasa	0.8
tanda mata	0.4
tanda-tanda	0.8
tanding	0.4
tanganan	0.6
tanggap	0.6
tanggapan	0.6
tangguh	1.0
tanggulang	0.4
tangkisan	0.6
tangkul	0.6
tangsel	0.6
tanya	0.4
tanya jawab	0.6
tapa	0.4
tara	0.4
taraf	0.6
tari	0.2
tarik	0.4
tarik hati	0.6
taruh	0.8
taruh hati	0.6
taruhan	0.6
tasamuh	1.0
tata	0.6
tata tertib	0.6
tatap	0.2
tawakal	0.6
tawarikh	0.6
tayang	0.6
tayib	0.4
tayibah	0.4
team	0.2
tebak	0.6
tedas	0.6
teduh	0.4
tegang	0.8
tegap	0.6
teguh batin	0.6
teguh hati	0.6
teguk	0.4
teguran	0.6
teh	0.2
teja	0.8
tekad	0.8
tekanan jiwa	0.8
tekanan mental	0.8
tekun	0.8
tela	0.6
telaah	0.4
teladan	0.8
telaten	0.8
telungkup	0.2
tembus	0.6
temennya	0.2
tempo-tempo	0.6
tempoh	0.6
temu	0.4
tenaga	0.6
tenaga kerja	0.6
tenang	1.0
tengah	0.4
tenggang rasa	1.0
tengkuluk	0.6
tengkurap	0.4
tengok	0.4
tentangan	0.4
teoretis	0.6
tepa salira	1.0
tepat guna	0.8
tepercaya	0.6
terala	0.6
terampil	0.8
teranggar-anggar	0.6
teranyar	0.8
teraso	0.8
teratas	0.6
teratur	0.8
terawat	1.0
terbaik	1.0
terbangun	0.6
terbaring	0.4
terbatas	0.6
terbayan	0.6
terbayang	0.6
terbayang-bayang	0.6
terbelenggu	0.6
terbiasa	0.6
terbit selera	0.6
terbuka	0.6
terbuka mata	0.8
terbukti	0.6
tercapai	0.6
tercermin	0.6
tercinta	0.8
terdaftar	0.2
terdahulu	0.8
terdamping	0.2
terencana	0.4
tergantung	0.6
tergelak	0.8
tergeleng-geleng	0.8
tergila-gila	0.6
terhalang	0.6
terikat	0.6
terima	0.4
terima kasih	1.0
terima kasih jakone	0.8
terimakasih	1.0
terimaksih	0.8
terindah	1.0
terjadi	0.6
terjadinya	0.6
terjaga	0.4
terjajah	0.6
terjamin	1.0
terjemahan	0.6
terka	0.6
terkadang	0.6
terkadang-kadang	0.6
terkapah-kapah	0.6
terkemuka	1.0
terkenal	1.0
terkesima	0.8
terkilan	0.6
terkini	0.6
terkoneksi	0.6
terlibat	0.6
terlindung	0.8
terlukis	0.6
termakan	0.2
termasyhur	0.8
termulia	0.6
terpegah	1.0
terpelajar	0.8
terpelihara	0.8
terpercaya	0.8
terperinci	0.6
terpesona	0.8
terpuji	0.8
terpukau	0.4
tersadar	0.6
tersaji	0.8
tersampai	0.4
tersedia	0.8
terselenggaranya	0.6
tersem-bunyi	1.0
tersendat	0.8
tersenyum	0.8
tersohor	1.0
tersuguh	0.4
tersungging	1.0
tertarik	0.4
tertawa	1.0
tertawa kecil	0.8
tertib	0.8
tertinggi	0.6
terurus	0.8
terus-menerus	0.8
terutama	0.8
testimoni	0.6
tetap	0.6
tetap hati	0.6
thank	0.8
thanks	0.6
tiang pancang	0.6
tiara	0.6
tidak segan	0.4
tidur	0.6
tikar	0.6
timba ilmu	0.8
timbalan	0.8
timpal	0.4
tindakan	0.6
tinggalan	0.8
tinggi	0.6
tingkah laku	0.2
tingkat	0.2
tip	0.8
tips	0.8
tiris	0.6
tiruan	0.6
titip api	0.6
tlg	0.6
tokcer	0.8
tokok	0.6
tolakan	0.8
tolong	0.6
tongkeng	1.0
tongkrong	0.2
top	1.0
top banget	1.0
toreh	0.2
tq	0.8
traktat	0.6
transaksi	0.8
transendental	0.6
transparan	0.6
transparansi	0.4
trendi	0.6
trengginas	1.0
tresna	0.4
trima	0.2
trimakasih	0.8
trims	0.8
tuhan	0.6
tukar akal	0.2
tukar cincin	0.6
tukar pikir	0.6
tukar pikiran	0.6
tulen	0.6
tulus	0.8
tulus hati	0.8
tulus ikhlas	1.0
tunai	0.6
tunang	0.6
tunas	0.6
tunggak	0.6
tunggu dunia	0.4
tungkak	0.8
tunjang	0.6
tuntas	0.4
tuntun	0.6
tuntut ilmu	0.8
tutuk	0.6
uang lelah	0.4
uang rokok	0.4
ugahari	0.6
ugal-ugalan	0.6
uji	0.2
ujian	0.2
ukur	0.6
ulama	0.6
ulasan	0.6
ulung	0.8
uluran	0.6
uluran tangan	0.8
umat	0.6
umi	0.8
umum	0.2
umur	0.8
unda	0.6
undang	0.4
undangan	0.2
unek-unek	0.4
unggulan	1.0
ungkap	0.6
untung	0.6
upa	0.4
upa-	0.8
ura-ura	0.8
uraian	0.6
usaha	0.2
usai	0.6
user friendly	0.8
userfriendly	0.8
usik	0.2
ustadz	0.6
ustazah	0.6
utas	0.8
utopia	0.4
vak	0.6
vakansi	0.6
varia	0.6
ventura	0.6
verbal	0.2
vila	0.6
visi	0.4
vista	0.6
vitalitas	0.6
vote	0.2
voucher	0.6
wadak	0.6
waduh	0.6
wagu	0.8
wah	0.6
wahyu	0.8
wangi	0.8
wantah	0.6
waris	0.6
warisan	0.6
warok	0.6
wasiat	0.8
waspada	0.6
watak	0.6
wawancara	0.6
wedel	0.4
wekel	0.8
welas	0.8
welcome	0.8
wewenang	0.4
widita	0.8
widyaiswara	0.6
wiladah	0.6
wirid	0.8
wisma	0.6
worth it	0.8
wujud	0.4
ya	0.8
yaaaa	0.2
yahud	0.8
yakin	0.6
yamtuan	0.8
yang dipertuan	0.8
yank	0.4
yasalamualaika	0.6
yeay	0.6
yeesss	0.6
yes	0.6
yg dipertuan	0.8
yoga	0.2
yuk	0.8
yukk	0.8
yuuk	0.8
zaim	0.6
zakelek	0.8
zakiah	0.8
zikir	0.8
zuhud	0.4
